ABASE,1028746,56,444,288
ABATE,396841,75,171,151
ABBEY,384427,83,166,148
ABBOT,553850,66,239,210
ABHOR,609088,74,263,275
ABIDE,380884,81,164,141
ABLED,318744,98,137,120
ABODE,348428,103,150,114
ABORT,314914,97,136,122
ABOUT,289649,109,125,83
ABOVE,386652,97,167,126
ABUSE,391340,78,169,144
ABYSS,296896,97,128,95
ACORN,763244,57,329,222
ACRID,276078,122,119,80
ACTOR,327136,103,141,89
ACUTE,251449,112,108,87
ADAGE,237267,104,102,78
ADAPT,492197,78,212,189
ADEPT,597236,77,258,180
ADMIN,311036,99,134,83
ADMIT,505075,93,218,116
ADOBE,420270,95,181,112
ADOPT,316443,95,136,122
ADORE,364603,94,157,107
ADORN,206106,115,89,71
ADULT,300907,112,130,86
AFFIX,345133,104,149,113
AFIRE,1176961,46,508,606
AFOOT,229632,105,99,88
AFOUL,588647,78,254,141
AFTER,415057,84,179,133
AGAIN,254633,102,110,97
AGAPE,595578,86,257,188
AGATE,493155,78,213,170
AGENT,370530,81,160,111
AGILE,283449,105,122,82
AGING,245532,113,106,68
AGLOW,702072,61,303,169
AGONY,526181,75,227,165
AGORA,450347,90,194,120
AGREE,495781,79,214,170
AHEAD,341887,91,147,88
AIDER,497662,81,215,174
AISLE,217291,121,93,68
ALARM,176350,120,76,57
ALBUM,481195,92,207,151
ALERT,588174,97,254,152
ALGAE,165732,131,71,52
ALIBI,413563,98,178,111
ALIEN,627384,62,271,180
ALIGN,193502,135,83,51
ALIKE,379149,118,163,118
ALIVE,255945,105,110,73
ALLAY,280436,106,121,83
ALLEY,915771,70,395,338
ALLOT,388884,89,168,151
ALLOW,396039,95,171,104
ALLOY,653028,72,282,303
ALOFT,524462,85,226,121
ALONE,331719,111,143,107
ALONG,178614,124,77,56
ALOOF,358773,103,155,107
ALOUD,611559,74,264,183
ALPHA,350483,105,151,117
ALTAR,688653,69,297,187
ALTER,333890,96,144,112
AMASS,162012,128,70,60
AMAZE,986745,62,426,308
AMBER,670376,61,289,227
AMBLE,336148,106,145,114
AMEND,353957,109,152,95
AMISS,359481,100,155,83
AMITY,582974,77,251,165
AMONG,392574,92,169,123
AMPLE,508056,83,219,131
AMPLY,323788,105,139,94
AMUSE,578446,89,249,144
ANGEL,291032,105,125,88
ANGER,277330,124,119,105
ANGLE,259205,120,112,91
ANGRY,269668,121,116,86
ANGST,401067,95,173,135
ANIME,359442,96,155,84
ANKLE,258969,110,111,84
ANNEX,286193,101,123,84
ANNOY,609425,61,263,331
ANNUL,585235,76,252,265
ANODE,544016,75,235,163
ANTIC,242576,114,104,91
ANVIL,337015,105,145,109
AORTA,448760,106,193,136
APART,345484,93,149,115
APHID,433715,93,187,98
APING,508083,77,219,141
APNEA,494808,89,213,113
APPLE,427042,83,184,157
APPLY,424451,82,183,106
APRON,749395,70,323,190
APTLY,302868,110,130,131
ARBOR,392600,101,169,121
ARDOR,511946,96,221,114
ARENA,461508,89,199,119
ARGUE,302903,91,130,87
ARISE,253141,119,109,87
ARMOR,147497,123,63,51
AROMA,488556,92,211,119
AROSE,480182,86,207,167
ARRAY,152810,121,66,49
ARROW,687756,72,297,198
ARSON,547974,80,236,122
ARTSY,224410,117,96,71
ASCOT,240750,101,104,99
ASHEN,297150,94,128,94
ASIDE,257764,92,111,91
ASKEW,233216,101,100,86
ASSAY,436333,68,188,163
ASSET,905429,55,391,287
ATOLL,329256,82,142,103
ATONE,402863,89,174,130
ATTIC,182770,113,78,72
AUDIO,525418,78,227,145
AUDIT,425249,89,183,190
AUGUR,359771,110,155,99
AUNTY,595342,69,257,253
AVAIL,365049,100,157,113
AVERT,628698,77,271,240
AVIAN,275499,100,119,92
AVOID,681355,79,294,176
AWAIT,506860,92,219,174
AWAKE,539941,78,233,160
AWARD,607527,66,262,241
AWARE,669771,83,289,231
AWASH,384393,88,166,158
AWFUL,762021,73,329,221
AWOKE,638986,70,276,208
AXIAL,373845,82,161,153
AXIOM,705657,67,304,206
AXION,591660,70,255,330
AZURE,495599,82,214,156
BACON,315798,71,136,116
BADGE,416458,101,179,140
BADLY,410216,101,177,126
BAGEL,562767,103,243,133
BAGGY,339869,115,146,119
BAKER,1006690,61,435,420
BALER,336937,92,145,123
BALMY,235854,127,101,83
BANAL,617130,99,266,145
BANJO,609385,90,263,195
BARGE,630142,63,272,310
BARON,292215,113,126,105
BASAL,304677,123,131,127
BASIC,591158,83,255,167
BASIL,382212,86,165,137
BASIN,330779,105,142,117
BASIS,353490,102,152,119
BASTE,567611,72,245,204
BATCH,242279,117,104,68
BATHE,510773,90,220,131
BATON,294290,108,127,81
BATTY,343827,113,148,116
BAWDY,692464,80,299,224
BAYOU,789403,71,341,158
BEACH,471150,70,203,193
BEADY,385927,97,166,106
BEARD,406497,97,175,136
BEAST,300281,124,129,93
BEECH,249823,119,107,72
BEEFY,731535,73,316,140
BEFIT,848268,63,366,475
BEGAN,446386,95,192,124
BEGAT,402632,107,173,106
BEGET,341756,106,147,84
BEGIN,582151,86,251,146
BEGUN,483841,101,209,127
BEING,573361,88,247,134
BELCH,476067,92,205,90
BELIE,471895,89,203,127
BELLE,438874,90,189,159
BELLY,802695,73,346,231
BELOW,703274,83,303,193
BENCH,471189,80,203,172
BERET,497327,85,214,112
BERRY,408285,112,176,94
BERTH,582128,84,251,199
BESET,349830,114,151,86
BETEL,458286,93,198,140
BEVEL,447528,95,193,194
BEZEL,769623,78,332,230
BIBLE,822467,66,355,237
BICEP,516086,79,223,182
BIDDY,431617,84,186,135
BIGOT,1191927,63,515,298
BILGE,499080,98,215,177
BILLY,403424,107,174,157
BINGE,884018,80,382,232
BINGO,453881,106,196,131
BIOME,646153,91,279,215
BIRCH,352027,96,152,142
BIRTH,523571,85,226,96
BISON,424886,101,183,99
BITTY,432476,98,186,127
BLACK,834612,72,360,239
BLADE,639051,97,276,119
BLAME,310859,124,134,80
BLAND,330483,115,142,97
BLANK,443007,104,191,130
BLARE,538243,100,232,176
BLAST,218525,131,94,66
BLAZE,325619,112,140,75
BLEAK,430895,87,186,119
BLEAT,441349,96,190,157
BLEED,273941,126,118,82
BLEEP,607033,94,262,126
BLEND,603898,84,260,136
BLESS,425591,97,183,114
BLIMP,574070,70,248,175
BLIND,695155,83,300,138
BLINK,573872,99,247,97
BLISS,658253,86,284,160
BLITZ,692137,69,299,222
BLOAT,675277,66,291,228
BLOCK,311760,126,134,96
BLOKE,703349,82,303,221
BLOND,405475,96,175,138
BLOOD,531115,99,229,97
BLOOM,885023,89,382,177
BLOWN,946892,79,409,179
BLUER,642745,80,277,183
BLUFF,315364,116,136,97
BLUNT,1334003,55,576,310
BLURB,467339,101,201,193
BLURT,737645,67,318,265
BLUSH,381616,110,164,93
BOARD,592238,92,255,118
BOAST,349489,117,151,106
BOBBY,296849,114,128,103
BONEY,1581170,41,683,1168
BONGO,380985,104,164,154
BONUS,1084897,74,468,199
BOOBY,537412,90,232,131
BOOST,1513501,53,654,1168
BOOTH,666899,91,288,128
BOOTY,861691,84,372,133
BOOZE,817700,77,353,194
BOOZY,833057,63,360,463
BORAX,1472586,52,636,247
BORNE,515698,77,222,162
BOSOM,265883,122,114,85
BOSSY,971046,67,419,341
BOTCH,841372,66,363,227
BOUGH,610505,88,263,126
BOULE,782257,85,338,148
BOUND,319863,113,138,104
BOWEL,658275,92,284,131
BOXER,437115,94,188,144
BRACE,493542,75,213,157
BRAID,247977,127,107,61
BRAIN,352055,119,152,138
BRAKE,289707,119,125,104
BRAND,313477,107,135,109
BRASH,367963,111,159,118
BRASS,343796,99,148,115
BRAVE,499630,74,215,197
BRAVO,342857,98,148,112
BRAWL,452567,85,195,150
BRAWN,425149,91,183,118
BREAD,446125,90,192,126
BREAK,321106,124,138,101
BREED,361959,97,156,142
BRIAR,571711,94,247,103
BRIBE,454646,87,196,134
BRICK,442962,77,191,175
BRIDE,597159,86,258,128
BRIEF,327761,119,141,140
BRINE,382442,99,165,102
BRING,264407,122,114,68
BRINK,523401,92,226,142
BRINY,546455,90,236,139
BRISK,428139,97,185,128
BROAD,479937,85,207,190
BROIL,378562,120,163,97
BROKE,311357,106,134,104
BROOD,367897,100,158,161
BROOK,799305,95,345,148
BROOM,889405,74,384,336
BROTH,834497,85,360,152
BROWN,415834,105,179,104
BRUNT,567630,93,245,146
BRUSH,400326,110,173,111
BRUTE,496190,95,214,165
BUDDY,291423,126,125,89
BUDGE,1415360,62,611,212
BUGGY,611522,101,264,220
BUGLE,1488823,55,643,1164
BUILD,474002,106,204,154
BUILT,599735,105,259,135
BULGE,436879,111,188,111
BULKY,479354,103,207,170
BULLY,915832,73,395,185
BUNCH,1073182,77,463,255
BUNNY,791639,84,342,144
BURLY,1135416,66,490,219
BURNT,517324,97,223,140
BURST,414056,111,178,91
BUSED,417884,116,180,71
BUSHY,450265,92,194,172
BUTCH,782025,78,337,188
BUTTE,760203,85,328,152
BUXOM,582402,88,251,236
BUYER,1158043,57,500,346
BYLAW,390730,95,168,154
CABAL,686648,70,296,185
CABBY,693685,84,299,137
CABIN,848772,62,366,191
CABLE,415139,111,179,112
CACAO,281566,123,121,67
CACHE,804245,57,347,280
CACTI,459371,75,198,186
CADDY,502517,68,217,169
CADET,764607,66,330,172
CAGEY,227467,117,98,70
CAIRN,314348,97,135,143
CAMEL,248486,127,107,69
CAMEO,277519,114,119,97
CANAL,275135,107,118,129
CANDY,501437,96,216,113
CANNY,458601,94,198,108
CANOE,634612,78,274,177
CANON,200991,123,86,62
CAPER,516403,83,223,164
CAPUT,245678,124,106,86
CARAT,395013,99,170,87
CARGO,384291,99,166,87
CAROL,321073,104,138,114
CARRY,228959,125,98,94
CARVE,483750,94,209,171
CASTE,289461,119,125,103
CATCH,197703,126,85,56
CATER,674576,79,291,232
CATTY,187078,139,80,62
CAULK,560298,84,242,176
CAUSE,493637,102,213,146
CAVIL,222514,112,96,63
CEASE,446537,103,192,132
CEDAR,295886,94,127,73
CELLO,252107,125,108,74
CHAFE,439844,80,190,127
CHAFF,375687,102,162,116
CHAIN,976392,62,421,427
CHAIR,392466,110,169,112
CHALK,299488,115,129,77
CHAMP,576036,96,248,123
CHANT,656794,91,283,129
CHAOS,376152,123,162,87
CHARD,374168,101,161,118
CHARM,393015,111,169,95
CHART,448680,112,193,103
CHASE,325248,134,140,67
CHASM,273636,121,118,66
CHEAP,524110,101,226,108
CHEAT,401024,106,173,183
CHECK,310641,124,134,70
CHEEK,1008882,58,435,627
CHEER,778410,75,336,172
CHESS,477712,98,206,129
CHEST,687701,72,297,171
CHICK,402345,114,173,75
CHIDE,1234590,61,533,270
CHIEF,386622,106,167,80
CHILD,467028,95,201,156
CHILI,528485,94,228,109
CHILL,773162,66,334,180
CHIME,739252,72,319,194
CHINA,412626,100,178,98
CHIRP,429092,102,185,95
CHOCK,497424,92,214,101
CHOIR,1217745,60,526,299
CHOKE,354350,106,153,78
CHORD,462664,88,199,200
CHORE,482224,108,208,89
CHOSE,279010,122,120,62
CHUCK,317886,111,137,80
CHUMP,1498899,61,647,1182
CHUNK,960383,84,415,157
CHURN,897204,82,387,162
CHUTE,485072,101,209,76
CIDER,380996,111,164,116
CIGAR,289398,125,125,78
CINCH,314793,104,136,82
CIRCA,898319,76,388,210
CIVIC,462105,82,199,175
CIVIL,1698930,46,734,1249
CLACK,941272,74,406,289
CLAIM,805596,79,348,203
CLAMP,379875,109,164,105
CLANG,508254,98,219,110
CLANK,396238,99,171,102
CLASH,463094,113,200,113
CLASP,369849,113,159,75
CLASS,373725,111,161,81
CLEAN,501589,78,216,173
CLEAR,252131,126,108,76
CLEAT,204333,137,88,81
CLEFT,223989,134,96,70
CLERK,376521,101,162,111
CLICK,358490,96,154,151
CLIFF,918187,69,396,215
CLIMB,926032,64,400,198
CLING,624263,83,269,134
CLINK,494802,90,213,106
CLOAK,567103,97,245,145
CLOCK,427426,104,184,116
CLONE,881142,64,380,261
CLOSE,233238,123,100,69
CLOTH,219878,118,95,60
CLOUD,403992,100,174,86
CLOUT,463286,99,200,112
CLOVE,345202,107,149,89
CLOWN,362583,96,156,98
CLUCK,521553,86,225,163
CLUED,1099243,70,475,313
CLUMP,348002,110,150,91
CLUNG,712564,91,307,131
COACH,589122,83,254,116
COAST,608187,82,262,176
COBRA,247991,115,107,59
COCOA,370673,109,160,106
COLON,904783,60,391,566
COLOR,609113,86,263,113
COMET,481430,88,208,108
COMFY,296750,106,128,80
COMIC,807829,69,349,189
COMMA,785087,66,339,235
CONCH,741753,72,320,205
CONDO,858531,81,371,197
CONIC,810106,78,350,149
COPSE,651472,74,281,162
CORAL,300565,110,129,67
CORER,240978,128,104,89
CORNY,386712,100,167,106
COUCH,367993,112,159,90
COUGH,916470,77,396,178
COULD,677080,86,292,138
COUNT,459486,108,198,108
COUPE,396430,116,171,106
COURT,344050,100,148,95
COVEN,320315,121,138,83
COVER,419364,99,181,141
COVET,368998,105,159,103
COVEY,349526,98,151,98
COWER,446371,86,192,187
COYLY,351285,102,151,96
CRACK,699458,65,302,226
CRAFT,668843,74,289,290
CRAMP,334784,115,144,83
CRANE,426215,101,184,100
CRANK,182275,142,78,51
CRASH,392881,105,169,108
CRASS,316869,108,136,109
CRATE,420934,74,181,120
CRAVE,168750,148,72,49
CRAWL,286962,110,124,73
CRAZE,350078,94,151,101
CRAZY,309330,90,133,75
CREAK,484279,72,209,165
CREAM,316807,110,136,100
CREDO,276047,118,119,69
CREED,310735,110,134,79
CREEK,451343,102,195,99
CREEP,536964,85,232,113
CREME,459064,101,198,105
CREPE,451792,94,195,145
CREPT,445022,104,192,145
CRESS,291332,117,125,80
CREST,415320,72,179,149
CRICK,228130,124,98,61
CRIED,781131,67,337,206
CRIER,275138,126,118,78
CRIME,362634,95,156,93
CRIMP,270056,116,116,79
CRISP,502084,91,216,108
CROAK,369337,96,159,83
CROCK,370673,106,160,114
CRONE,789778,67,341,209
CRONY,217614,131,94,63
CROOK,351903,109,152,89
CROSS,767128,74,331,158
CROUP,499022,71,215,175
CROWD,435832,107,188,106
CROWN,565876,94,244,118
CRUDE,478288,97,206,100
CRUEL,314910,114,136,82
CRUMB,239868,115,103,85
CRUMP,659938,83,285,120
CRUSH,608001,96,262,127
CRUST,451960,100,195,110
CRYPT,329975,119,142,73
CUBIC,410273,88,177,128
CUMIN,991771,58,428,347
CURIO,610118,96,263,110
CURLY,334752,101,144,108
CURRY,412752,97,178,100
CURSE,693639,80,299,203
CURVE,250806,127,108,60
CURVY,398406,98,172,161
CUTIE,649961,79,280,199
CYBER,269534,115,116,70
CYCLE,379808,90,164,139
CYNIC,506738,63,218,195
DADDY,826174,56,357,229
DAILY,1207996,45,522,464
DAIRY,364136,110,157,119
DAISY,305422,110,131,105
DALLY,330380,98,142,103
DANCE,687032,86,296,142
DANDY,258893,114,111,72
DATUM,726565,75,313,191
DAUNT,459172,92,198,130
DEALT,330515,105,142,82
DEATH,211381,135,91,65
DEBAR,279541,111,120,81
DEBIT,316158,117,136,95
DEBUG,385735,104,166,100
DEBUT,663321,82,286,159
DECAL,451339,98,195,105
DECAY,294091,119,127,84
DECOR,353093,101,152,131
DECOY,299234,109,129,81
DECRY,406702,92,175,140
DEFER,370434,101,160,159
DEIGN,608141,84,262,269
DEITY,460867,120,199,101
DELAY,339220,106,146,96
DELTA,323069,122,139,102
DELVE,243598,111,105,86
DEMON,696372,83,300,200
DEMUR,412722,108,178,121
DENIM,408738,100,176,127
DENSE,439018,104,189,116
DEPOT,417502,95,180,154
DEPTH,324733,98,140,94
DERBY,443902,88,191,98
DETER,464812,95,200,191
DETOX,396621,106,171,94
DEUCE,475365,72,205,176
DEVIL,528899,87,228,130
DIARY,467182,103,201,169
DICEY,306980,108,132,116
DIGIT,381701,98,164,153
DILLY,863790,72,373,141
DIMLY,823229,85,355,242
DINER,633318,97,273,142
DINGO,286141,134,123,87
DINGY,623544,105,269,188
DIODE,769670,100,332,166
DIRGE,437174,82,188,183
DIRTY,330167,121,142,149
DISCO,383242,105,165,129
DITCH,415920,87,179,94
DITTO,556996,86,240,133
DITTY,631905,80,273,207
DIVER,779307,78,336,218
DIZZY,421711,109,182,142
DODGE,1484761,39,641,328
DODGY,626234,78,270,227
DOGMA,1109478,71,479,267
DOING,594416,87,256,183
DOLLY,574386,100,248,125
DONOR,772742,84,333,235
DONUT,592776,95,256,102
DOPEY,427842,107,184,104
DOUBT,422122,95,182,134
DOUGH,561431,92,242,121
DOWDY,690394,86,298,145
DOWEL,1239155,62,535,280
DOWNY,396295,102,171,127
DOWRY,747083,95,322,173
DOZEN,618426,97,267,155
DRAFT,506568,77,218,161
DRAIN,352748,103,152,106
DRAKE,274909,131,118,94
DRAMA,282136,107,121,80
DRANK,597068,81,258,129
DRAPE,393213,95,169,128
DRAWL,248096,122,107,68
DRAWN,381327,97,164,108
DREAD,411351,102,177,126
DREAM,403823,92,174,159
DRESS,302555,114,130,97
DRIED,450901,64,194,156
DRIER,435265,96,188,119
DRIFT,414981,102,179,101
DRILL,450582,103,194,93
DRINK,501412,85,216,151
DRIVE,521228,94,225,129
DROIT,379217,104,163,143
DROLL,286964,120,124,73
DRONE,491209,79,212,134
DROOL,242108,130,104,69
DROOP,510353,88,220,134
DROSS,707632,82,305,144
DROVE,536403,64,231,174
DROWN,382395,101,165,114
DRUID,524831,107,226,136
DRUNK,651995,77,281,253
DRYER,573515,84,247,118
DRYLY,526244,80,227,127
DUCHY,671511,60,290,307
DULLY,823991,73,356,190
DUMMY,964400,74,416,264
DUMPY,1375873,59,594,204
DUNCE,1003224,77,433,161
DUSKY,377069,107,162,78
DUSTY,828380,68,357,160
DUTCH,553895,85,239,137
DUVET,660502,88,285,143
DWARF,465334,91,201,98
DWELL,586471,82,253,290
DWELT,776134,75,335,485
DYING,407500,97,176,123
EAGER,767634,89,331,142
EAGLE,349416,92,151,123
EARLY,363218,102,156,109
EARTH,223505,120,96,87
EASEL,225119,133,97,75
EATEN,281991,98,121,108
EATER,290270,105,125,97
EBONY,259020,108,111,89
ECLAT,465621,90,201,117
EDICT,247968,116,107,85
EDIFY,354892,100,153,89
EERIE,611042,75,264,154
EGRET,489364,60,211,128
EIGHT,412131,92,178,114
EJECT,421436,89,182,101
EKING,738811,59,319,190
ELATE,593340,71,256,154
ELBOW,253140,110,109,72
ELDER,522455,75,225,138
ELECT,408378,98,176,151
ELEGY,398401,96,172,108
ELFIN,600552,78,259,185
ELIDE,418658,98,180,115
ELITE,413225,91,178,139
ELOPE,303259,101,131,83
ELUDE,392232,86,169,144
EMAIL,484763,87,209,125
EMBED,276204,108,119,90
EMBER,854632,63,369,391
EMCEE,632947,75,273,274
EMPTY,906461,53,391,215
ENACT,551007,84,238,164
ENDOW,246311,117,106,65
ENEMA,545383,79,235,151
ENEMY,478770,74,206,206
ENJOY,643379,71,278,217
ENNUI,614613,64,265,172
ENSUE,613505,68,265,251
ENTER,445411,88,192,143
ENTRY,345513,102,149,131
ENVOY,288576,106,124,117
EPOCH,543334,81,234,172
EPOXY,489140,92,211,93
EQUAL,692113,60,299,203
EQUIP,453394,65,195,177
ERASE,667943,54,288,229
ERECT,247586,101,106,78
ERODE,361164,107,156,98
ERROR,378595,91,163,120
ERUPT,638530,56,275,231
ESSAY,314350,109,135,80
ESTER,475867,69,205,190
ETHER,344885,95,149,119
ETHIC,418094,88,180,140
ETHOS,413977,78,178,127
ETUDE,368746,80,159,113
EVADE,492539,84,212,185
EVENT,564677,75,244,157
EVERY,603470,77,260,151
EVICT,632659,67,273,257
EVOKE,441957,86,190,107
EXACT,722522,57,312,272
EXALT,402455,78,173,107
EXCEL,342880,89,148,109
EXERT,718176,64,310,219
EXILE,575282,73,248,217
EXIST,567326,66,245,183
EXPEL,450386,77,194,105
EXTOL,809066,65,349,234
EXTRA,425801,76,184,153
EXULT,352393,79,152,127
EYING,489767,75,211,148
FABLE,490353,87,211,124
FACET,357083,104,154,89
FAINT,281544,111,121,101
FAIRY,356714,116,154,104
FAITH,349189,103,150,116
FALSE,417879,107,180,152
FANCY,250720,116,108,73
FANNY,529306,84,228,155
FARCE,807791,68,349,173
FATAL,257196,121,111,83
FATTY,595731,84,257,192
FAULT,736057,76,318,226
FAUNA,380309,115,164,123
FAVOR,695450,67,300,178
FEAST,467649,87,202,207
FECAL,266549,120,115,73
FEIGN,349713,111,151,100
FELLA,512474,102,221,136
FELON,531814,84,229,182
FEMME,346001,93,149,118
FEMUR,1133027,48,489,299
FENCE,466418,93,201,144
FERAL,571595,83,247,196
FERRY,262984,118,113,102
FETAL,611916,79,264,207
FETCH,289921,116,125,90
FETID,516835,91,223,123
FETUS,425327,101,183,123
FEVER,421181,89,182,123
FEWER,758995,76,328,286
FIBER,707899,76,305,286
FIBRE,405543,100,175,154
FICUS,374563,98,161,163
FIELD,623307,72,269,159
FIEND,447562,102,193,115
FIERY,495971,96,214,99
FIFTH,358370,99,154,159
FIFTY,1012249,69,437,291
FIGHT,956445,61,413,320
FILER,730234,83,315,170
FILET,293468,116,126,105
FILLY,306388,129,132,91
FILMY,961391,78,415,237
FILTH,744372,85,321,228
FINAL,540731,97,233,167
FINCH,407702,104,176,121
FINER,744611,85,321,143
FIRST,320874,112,138,94
FISHY,370220,113,159,70
FIXER,694449,74,300,236
FIZZY,516620,77,223,174
FJORD,1684184,37,727,1208
FLACK,843136,60,364,198
FLAIL,669063,94,289,188
FLAIR,616231,80,266,276
FLAKE,289307,114,125,89
FLAKY,383350,102,165,111
FLAME,681558,82,294,146
FLANK,340922,107,147,96
FLARE,563269,95,243,176
FLASH,227204,125,98,71
FLASK,438419,96,189,115
FLECK,556992,92,240,179
FLEET,626522,86,270,180
FLESH,467968,104,202,183
FLICK,427370,92,184,130
FLIER,789361,83,341,191
FLING,284546,120,122,90
FLINT,683094,88,295,143
FLIRT,448153,112,193,100
FLOAT,345705,123,149,89
FLOCK,325517,115,140,98
FLOOD,735553,80,317,244
FLOOR,909710,78,393,185
FLORA,610630,86,263,252
FLOSS,321067,108,138,126
FLOUR,730082,69,315,249
FLOUT,404360,100,174,132
FLOWN,453880,104,196,133
FLUFF,680904,75,294,200
FLUID,1673434,40,723,1214
FLUKE,646714,95,279,140
FLUME,529115,89,228,168
FLUNG,481358,92,208,161
FLUNK,776875,81,335,200
FLUSH,801875,83,346,226
FLUTE,634499,86,274,128
FLYER,346717,112,149,111
FOAMY,352836,98,152,116
FOCAL,525005,83,226,213
FOCUS,417367,106,180,137
FOGGY,605883,82,261,169
FOIST,1239670,51,535,291
FOLIO,384507,108,166,121
FOLLY,705775,73,305,252
FORAY,898059,79,388,238
FORCE,368162,98,159,143
FORGE,306784,109,132,97
FORGO,361656,102,156,116
FORTE,882442,72,381,370
FORTH,260934,113,112,83
FORTY,460204,104,198,109
FORUM,440532,95,190,134
FOUND,602983,90,260,163
FOYER,665218,86,287,142
FRAIL,348696,89,150,127
FRAME,287419,114,124,89
FRANK,293599,108,126,79
FRAUD,466959,90,201,131
FREAK,425473,94,183,145
FREED,382253,97,165,158
FREER,588847,90,254,110
FRESH,785195,72,339,183
FRIAR,371706,91,160,129
FRIED,491710,90,212,145
FRILL,361380,115,156,106
FRISK,597864,81,258,175
FRITZ,532773,84,230,189
FROCK,631033,77,272,216
FROND,654331,82,282,198
FRONT,485411,99,209,107
FROST,363232,107,156,92
FROTH,347478,109,150,103
FROWN,445034,100,192,114
FROZE,599841,85,259,155
FRUIT,460355,72,198,178
FUDGE,411741,109,177,112
FUGUE,624012,88,269,235
FULLY,875414,64,378,476
FUNGI,1128065,70,487,263
FUNKY,852733,72,368,166
FUNNY,1015985,66,439,236
FUROR,1185928,60,512,217
FURRY,730448,82,315,252
FUSSY,911477,70,393,349
FUZZY,1121537,58,484,252
GAFFE,1979550,34,855,1352
GAILY,592619,63,256,277
GAMER,385626,104,166,116
GAMMA,293774,113,126,111
GAMUT,1355910,60,585,409
GASSY,490020,95,211,137
GAUDY,681168,69,294,205
GAUGE,585991,92,253,131
GAUNT,459252,80,198,165
GAUZE,384276,110,166,111
GAVEL,447431,80,193,157
GAWKY,386771,102,167,138
GAYER,860693,57,371,386
GAYLY,262114,107,113,102
GAZER,744631,65,321,195
GECKO,380178,82,164,125
GEEKY,518061,61,223,157
GEESE,805927,58,348,459
GENIE,758796,63,327,210
GENRE,484201,95,209,122
GHOST,437020,100,188,133
GHOUL,483843,96,209,95
GIANT,524163,85,226,148
GIDDY,327246,121,141,85
GIPSY,1180923,68,510,288
GIRLY,631693,87,272,165
GIRTH,408341,101,176,132
GIVEN,412959,101,178,99
GIVER,548119,97,236,159
GLADE,439223,100,189,145
GLAND,297055,118,128,78
GLARE,438376,114,189,126
GLASS,204941,126,88,62
GLAZE,569487,73,246,172
GLEAM,407797,87,176,111
GLEAN,373238,104,161,100
GLIDE,298571,122,129,86
GLINT,360949,112,155,95
GLOAT,398980,107,172,90
GLOBE,286924,115,123,96
GLOOM,381163,100,164,137
GLORY,887123,72,383,170
GLOSS,386922,99,167,132
GLOVE,646588,69,279,232
GLYPH,431993,98,186,138
GNASH,740214,75,319,178
GNOME,439746,83,190,102
GODLY,416857,96,180,130
GOING,599962,102,259,141
GOLEM,771385,70,333,197
GOLLY,367850,101,158,149
GONAD,805049,82,347,240
GONER,460022,107,198,99
GOODY,297455,118,128,86
GOOEY,1069142,70,462,195
GOOFY,560036,75,242,190
GOOSE,1188294,59,513,222
GORGE,458455,82,198,166
GOUGE,445802,81,192,157
GOURD,561269,74,242,198
GRACE,507392,104,219,110
GRADE,233159,116,100,59
GRAFT,265018,122,114,76
GRAIL,378522,96,163,106
GRAIN,257901,118,111,84
GRAND,292627,123,126,106
GRANT,372634,118,161,118
GRAPE,267544,121,115,81
GRAPH,261813,113,113,74
GRASP,419917,91,181,101
GRASS,352126,99,152,89
GRATE,476136,70,205,188
GRAVE,195735,125,84,65
GRAVY,329586,105,142,114
GRAZE,506167,85,218,159
GREAT,356024,86,153,118
GREED,223396,125,96,62
GREEN,547088,92,236,100
GREET,454326,101,196,100
GRIEF,386093,104,166,90
GRILL,379185,106,163,103
GRIME,532832,79,230,161
GRIMY,326638,111,141,141
GRIND,536469,92,231,159
GRIPE,507497,112,219,98
GROAN,317904,113,137,135
GROIN,305966,118,132,86
GROOM,366999,117,158,105
GROPE,791292,82,341,146
GROSS,313914,112,135,79
GROUP,575150,68,248,185
GROUT,499700,98,215,113
GROVE,365190,113,157,95
GROWL,398863,103,172,149
GROWN,474155,89,204,153
GRUEL,573392,95,247,141
GRUFF,281981,111,121,100
GRUNT,1077455,56,465,387
GUARD,405912,111,175,115
GUAVA,399458,97,172,126
GUESS,947851,62,409,375
GUEST,667050,71,288,179
GUIDE,377877,106,163,81
GUILD,422005,106,182,117
GUILE,587325,108,253,122
GUILT,316303,114,136,101
GUISE,426704,112,184,81
GULCH,329865,106,142,72
GULLY,691041,82,298,119
GUMBO,1024592,77,442,261
GUMMY,951504,72,411,358
GUPPY,1468013,58,634,236
GUSTO,1369230,63,591,222
GUSTY,488810,92,211,181
GYPSY,595162,88,257,163
HABIT,1151274,54,497,278
HAIRY,395311,95,170,105
HALVE,286509,103,123,105
HANDY,333393,99,144,124
HAPPY,489883,97,211,135
HARDY,854009,69,369,407
HAREM,397172,101,171,134
HARPY,264184,111,114,93
HARRY,412001,104,178,127
HARSH,520002,82,224,161
HASTE,466137,71,201,180
HASTY,233046,125,100,72
HATCH,404926,104,174,143
HATER,681264,73,294,232
HAUNT,203493,128,87,75
HAUTE,351399,108,151,101
HAVEN,240326,115,103,80
HAVOC,361351,94,156,127
HAZEL,563306,76,243,169
HEADY,370449,73,160,130
HEARD,354699,94,153,116
HEART,257031,121,111,98
HEATH,206311,141,89,55
HEAVE,414061,81,178,131
HEAVY,506828,77,219,156
HEDGE,436269,83,188,156
HEFTY,697587,75,301,214
HEIST,532914,86,230,181
HELIX,290093,126,125,65
HELLO,475615,71,205,132
HENCE,464996,75,200,132
HERON,507867,91,219,192
HILLY,261973,117,113,80
HINGE,758766,78,327,247
HIPPO,399755,99,172,113
HIPPY,830690,62,358,275
HITCH,1049113,64,453,300
HOARD,830163,65,358,224
HOBBY,300280,113,129,102
HOIST,1097098,56,474,272
HOLLY,347358,112,150,91
HOMER,729494,78,315,239
HONEY,326350,104,141,93
HONOR,338594,107,146,123
HORDE,564610,87,243,144
HORNY,288265,117,124,100
HORSE,394318,109,170,121
HOTEL,230031,132,99,88
HOTLY,241018,113,104,96
HOUND,416328,96,179,130
HOUSE,555789,94,240,133
HOVEL,297866,108,128,91
HOVER,391679,97,169,148
HOWDY,387719,99,167,124
HUMAN,871072,74,376,186
HUMID,506000,89,218,122
HUMOR,733282,81,316,156
HUMPH,486411,95,210,109
HUMUS,1387751,55,599,194
HUNCH,1164783,59,503,339
HUNKY,1043860,67,451,262
HURRY,848812,75,366,203
HUSKY,757995,74,327,200
HUSSY,852187,74,368,198
HUTCH,984298,69,425,213
HYDRO,1011628,70,437,301
HYENA,515190,85,222,150
HYMEN,338400,90,146,99
HYPER,459207,84,198,182
ICILY,388906,92,168,151
ICING,726417,69,313,197
IDEAL,967643,57,418,172
IDIOM,278899,100,120,87
IDIOT,875369,59,378,199
IDLER,609917,71,263,152
IDYLL,270218,100,116,105
IGLOO,860441,68,371,205
ILIAC,703011,66,303,258
IMAGE,519111,67,224,131
IMBUE,320537,94,138,116
IMPEL,484698,80,209,189
IMPLY,398394,96,172,134
INANE,679513,84,293,252
INBOX,329649,88,142,122
INCUR,832205,66,359,320
INDEX,390443,93,168,103
INEPT,588491,73,254,191
INERT,338969,103,146,106
INFER,226470,117,97,63
INGOT,343950,95,148,122
INLAY,448274,97,193,114
INLET,354302,93,153,106
INNER,229131,117,99,80
INPUT,401302,84,173,163
INTER,498584,89,215,139
INTRO,225902,111,97,76
IONIC,293454,102,126,99
IRATE,665369,69,287,185
IRONY,147586,124,63,53
ISLET,311338,98,134,93
ISSUE,223874,109,96,84
ITCHY,470094,70,203,160
IVORY,576376,71,249,180
JAUNT,475262,73,205,147
JAZZY,479955,73,207,142
JELLY,1624171,31,701,537
JERKY,856230,56,370,558
JETTY,629581,55,272,260
JEWEL,824107,57,356,560
JIFFY,871050,53,376,262
JOINT,1699538,41,734,1214
JOIST,509876,80,220,146
JOKER,456395,76,197,151
JOLLY,501975,59,216,171
JOUST,1055881,58,456,274
JUDGE,592400,74,256,166
JUICE,758163,67,327,252
JUICY,465226,67,201,176
JUMBO,801140,56,346,197
JUMPY,1221316,53,527,398
JUNTA,1386433,53,599,213
JUNTO,559848,71,241,150
JUROR,653732,74,282,247
KAPPA,862015,63,372,274
KARMA,1408328,48,608,402
KAYAK,720998,70,311,236
KEBAB,1307405,41,564,342
KHAKI,714871,55,308,357
KINKY,819518,48,354,386
KIOSK,1081487,50,467,256
KITTY,705386,51,304,260
KNACK,874388,61,377,248
KNAVE,876701,61,378,218
KNEAD,436798,83,188,143
KNEED,409664,88,177,122
KNEEL,696359,73,300,220
KNELT,533590,83,230,201
KNIFE,339330,90,146,127
KNOCK,516310,85,223,159
KNOLL,1050726,53,454,243
KNOWN,773209,59,334,224
KOALA,1289813,51,557,274
KRILL,547950,70,236,180
LABEL,574349,65,248,183
LABOR,441715,93,190,140
LADEN,287598,123,124,113
LADLE,242084,120,104,92
LAGER,380685,89,164,131
LANCE,224033,125,96,86
LANKY,210423,129,90,64
LAPEL,488878,89,211,135
LAPSE,399552,95,172,144
LARGE,230186,131,99,66
LARVA,208647,126,90,81
LASSO,581611,82,251,157
LATCH,412645,76,178,154
LATER,373865,106,161,104
LATHE,162500,134,70,63
LATTE,211467,116,91,70
LAUGH,284037,104,122,100
LAYER,455316,92,196,148
LEACH,203225,117,87,86
LEAFY,284936,122,123,89
LEAKY,349561,98,151,103
LEANT,349773,91,151,102
LEAPT,178796,132,77,59
LEARN,223715,126,96,69
LEASE,177386,131,76,61
LEASH,264274,104,114,68
LEAST,232643,122,100,80
LEAVE,180962,140,78,59
LEDGE,435890,96,188,144
LEECH,586318,93,253,187
LEERY,531172,88,229,107
LEFTY,374475,92,161,195
LEGAL,415656,93,179,144
LEGGY,472017,93,203,140
LEMON,694180,62,299,229
LEMUR,317945,106,137,126
LEPER,311376,102,134,128
LEVEL,409855,103,177,113
LEVER,947416,69,409,330
LIBEL,518426,93,224,196
LIEGE,518576,84,224,167
LIGHT,439985,89,190,143
LIKEN,472015,88,203,140
LILAC,352649,93,152,104
LIMBO,521129,74,225,133
LIMIT,557019,84,240,207
LINEN,650345,76,281,222
LINER,415410,87,179,121
LINGO,213858,122,92,70
LIPID,458830,98,198,163
LITHE,869373,71,375,155
LIVER,254529,108,109,82
LIVID,320531,111,138,127
LLAMA,1058976,71,457,341
LOAMY,1005060,66,434,300
LOATH,373554,104,161,115
LOBBY,268882,110,116,92
LOCAL,898945,67,388,244
LOCUS,493673,91,213,149
LODGE,406540,90,175,138
LOFTY,349296,109,150,97
LOGIC,497879,86,215,180
LOGIN,433318,89,187,166
LOOPY,431192,108,186,119
LOOSE,787464,72,340,165
LORRY,331105,92,143,107
LOSER,490274,87,211,151
LOUSE,192311,115,83,74
LOUSY,229446,110,99,72
LOVER,394489,93,170,93
LOWER,317405,109,137,119
LOWLY,298845,98,129,117
LOYAL,902949,70,390,255
LUCID,507369,84,219,140
LUCKY,508608,93,219,160
LUMEN,768715,77,332,190
LUMPY,357613,95,154,119
LUNAR,782627,85,338,162
LUNCH,251079,102,108,100
LUNGE,552938,94,238,107
LUPUS,374359,109,161,112
LURCH,887226,61,383,285
LURID,460296,98,198,85
LUSTY,363529,100,157,95
LYING,441350,89,190,129
LYMPH,559517,87,241,136
LYNCH,797468,74,344,182
LYRIC,565676,82,244,176
MACAW,364626,82,157,145
MACHO,947611,58,409,203
MACRO,516080,85,223,160
MADAM,343807,111,148,117
MADLY,1222837,60,528,313
MAFIA,538124,101,232,133
MAGIC,796324,65,344,322
MAGMA,511707,87,221,156
MAIZE,1359510,59,587,409
MAJOR,365829,76,158,129
MAKER,478288,81,206,216
MAMBO,322922,88,139,116
MAMMA,822389,61,355,376
MAMMY,1801707,41,778,1232
MANGA,1311919,46,566,477
MANGE,833819,82,360,198
MANGO,339658,105,146,101
MANGY,488498,98,211,152
MANIA,604941,92,261,143
MANIC,597064,89,258,250
MANLY,424552,99,183,125
MANOR,429393,102,185,115
MAPLE,283635,123,122,105
MARCH,301397,116,130,86
MARRY,435432,112,188,123
MARSH,580671,86,250,156
MASON,351546,108,151,109
MASSE,344895,110,149,133
MATCH,403554,83,174,130
MATEY,513954,101,222,125
MAUVE,284124,111,122,126
MAXIM,403249,81,174,139
MAYBE,985347,52,425,435
MAYOR,396782,85,171,144
MEALY,334685,111,144,111
MEANT,314712,116,136,94
MEATY,238398,117,103,65
MECCA,298243,103,128,105
MEDAL,573352,74,247,336
MEDIA,340801,119,147,84
MEDIC,353415,101,152,178
MELEE,461531,87,199,121
MELON,749385,62,323,233
MERCY,310497,106,134,106
MERGE,383276,102,165,171
MERIT,537835,91,232,155
MERRY,244886,121,105,74
METAL,551703,83,238,189
METER,258848,120,111,85
METRO,402414,105,173,104
MICRO,267755,123,115,100
MIDGE,404498,99,174,134
MIDST,502297,99,217,183
MIGHT,462076,94,199,129
MILKY,646268,84,279,156
MIMIC,712500,77,307,233
MINCE,1498809,49,647,297
MINER,351071,108,151,79
MINIM,287028,113,124,90
MINOR,1396453,45,603,244
MINTY,353452,105,152,104
MINUS,509163,96,220,156
MIRTH,532536,85,230,136
MISER,411978,99,178,96
MISSY,261485,116,113,100
MOCHA,837941,72,362,222
MODAL,557648,88,240,132
MODEL,410827,107,177,126
MODEM,345468,110,149,113
MOGUL,643662,71,278,204
MOIST,613195,92,264,155
MOLAR,340156,112,146,109
MOLDY,275120,118,118,97
MONEY,618597,93,267,137
MONTH,371658,109,160,149
MOODY,505374,102,218,109
MOOSE,1082560,66,467,188
MORAL,460100,84,198,163
MORON,280208,113,121,97
MORPH,640566,87,276,228
MOSSY,551521,90,238,112
MOTEL,842712,66,364,222
MOTIF,255217,119,110,98
MOTOR,538945,81,232,186
MOTTO,569665,95,246,107
MOULT,1141278,66,493,276
MOUND,403568,104,174,110
MOUNT,623824,91,269,124
MOURN,456846,103,197,113
MOUSE,427233,98,184,95
MOUTH,324361,101,140,103
MOVER,567392,105,245,130
MOVIE,428047,94,184,129
MOWER,413029,88,178,167
MUCKY,407449,92,176,120
MUCUS,1055697,69,456,222
MUDDY,1083552,62,468,368
MULCH,1374775,57,594,204
MUMMY,713327,88,308,124
MUNCH,1898221,37,820,1325
MURAL,783688,94,338,129
MURKY,337189,105,145,125
MUSHY,738037,75,318,178
MUSIC,777454,81,335,183
MUSKY,572340,84,247,182
MUSTY,911902,71,394,190
MYRRH,613286,91,265,164
NADIR,867051,66,374,383
NAIVE,281467,114,121,109
NANNY,288346,104,124,103
NASAL,990051,52,427,435
NASTY,441946,88,190,142
NATAL,325867,108,140,124
NAVAL,422410,88,182,154
NAVEL,700176,77,302,235
NEEDY,308363,104,133,121
NEIGH,607256,77,262,226
NERDY,421575,93,182,127
NERVE,352269,99,152,172
NEVER,518564,93,224,165
NEWER,553422,94,239,233
NEWLY,519394,83,224,218
NICER,457099,81,197,149
NICHE,258872,109,111,82
NIECE,355513,90,153,92
NIGHT,401524,84,173,142
NINJA,559064,85,241,162
NINNY,907230,51,392,568
NINTH,1259393,49,544,283
NOBLE,731015,70,315,180
NOBLY,296932,103,128,94
NOISE,529827,88,228,170
NOISY,210824,113,91,57
NOMAD,348918,95,150,107
NOOSE,448795,97,193,125
NORTH,372498,85,160,143
NOSEY,333827,107,144,81
NOTCH,284813,100,123,117
NOVEL,489670,96,211,109
NUDGE,360009,103,155,127
NURSE,494348,97,213,150
NUTTY,233096,118,100,76
NYLON,784176,75,338,245
NYMPH,684172,64,295,249
OAKEN,858667,66,371,206
OBESE,286383,83,123,137
OCCUR,457791,69,197,179
OCEAN,652727,70,282,263
OCTAL,269576,105,116,77
OCTET,298328,105,128,97
ODDER,428900,82,185,130
ODDLY,497541,78,215,188
OFFAL,849652,65,367,286
OFFER,695570,56,300,355
OFTEN,562862,58,243,206
OLDEN,351690,93,151,124
OLDER,295079,111,127,93
OLIVE,256741,107,110,88
OMBRE,327991,92,141,89
OMEGA,376231,92,162,172
ONION,396362,87,171,215
ONSET,967512,60,418,312
OPERA,241556,117,104,81
OPINE,252854,103,109,88
OPIUM,300344,111,129,79
OPTIC,582687,73,251,191
ORBIT,455080,86,196,193
ORDER,333587,113,144,106
ORGAN,457125,86,197,95
OTHER,325900,115,140,116
OTTER,265889,98,114,84
OUGHT,358542,97,154,107
OUNCE,589790,82,254,134
OUTDO,317073,106,137,76
OUTER,744788,71,321,267
OUTGO,233365,118,100,73
OVARY,805518,66,348,284
OVATE,397763,83,171,151
OVERT,266839,92,115,103
OVINE,326997,91,141,108
OVOID,380147,97,164,130
OWING,987961,66,426,334
OWNER,706676,76,305,186
OXIDE,347441,98,150,113
OZONE,472722,68,204,188
PADDY,651225,56,281,254
PAGAN,868367,62,375,401
PAINT,735186,79,317,202
PALER,301832,118,130,62
PALSY,210148,132,90,80
PANEL,401330,117,173,112
PANIC,231674,125,100,80
PANSY,397975,101,171,120
PAPAL,406554,107,175,109
PAPER,951144,68,411,254
PARER,376550,84,162,128
PARKA,351904,101,152,122
PARRY,675805,79,292,236
PARSE,550702,91,237,146
PARTY,201319,146,87,85
PASTA,321769,122,139,118
PASTE,563729,88,243,175
PASTY,232293,130,100,72
PATCH,402528,113,173,129
PATIO,477277,106,206,103
PATSY,303697,109,131,97
PATTY,388678,108,167,104
PAUSE,637456,85,275,212
PAYEE,256778,118,110,74
PAYER,387974,80,167,114
PEACE,255443,114,110,92
PEACH,381998,103,165,88
PEARL,354976,116,153,114
PECAN,210870,134,91,63
PEDAL,304609,110,131,86
PENAL,320652,120,138,86
PENCE,256946,119,111,76
PENNE,501819,92,216,121
PENNY,767447,65,331,232
PERCH,671735,74,290,193
PERIL,398694,109,172,89
PERKY,243105,120,105,65
PESKY,468837,89,202,208
PESTO,571733,80,247,164
PETAL,301612,108,130,99
PETTY,244921,128,105,81
PHASE,601578,84,259,192
PHONE,297601,124,128,88
PHONY,326711,108,141,80
PHOTO,574169,97,248,163
PIANO,802954,77,346,215
PICKY,313053,103,135,98
PIECE,833668,74,360,198
PIETY,465910,94,201,109
PIGGY,361839,104,156,105
PILOT,1143023,54,493,297
PINCH,328456,110,141,80
PINEY,632746,98,273,132
PINKY,369041,109,159,141
PINTO,773371,82,334,182
PIPER,402217,105,173,85
PIQUE,456697,83,197,175
PITCH,542435,59,234,202
PITHY,589179,96,254,133
PIVOT,585813,95,253,176
PIXEL,529767,89,228,174
PIXIE,489339,84,211,164
PIZZA,817242,53,353,264
PLACE,1050219,41,453,607
PLAID,259860,128,112,70
PLAIN,378072,112,163,100
PLAIT,318880,118,137,94
PLANE,280393,127,121,89
PLANK,220336,132,95,66
PLANT,476910,104,206,126
PLATE,280551,120,121,88
PLAZA,206641,131,89,61
PLEAD,940438,64,406,216
PLEAT,333158,116,143,79
PLIED,245937,133,106,70
PLIER,342539,117,148,83
PLUCK,240361,129,103,79
PLUMB,802561,90,346,151
PLUME,841599,75,363,134
PLUMP,420396,102,181,98
PLUNK,1082065,64,467,295
PLUSH,686565,82,296,216
POESY,573215,98,247,122
POINT,367070,104,158,94
POISE,358495,116,154,95
POKER,244889,122,105,83
POLAR,368003,90,159,115
POLKA,257716,116,111,102
POLYP,475695,90,205,155
POOCH,824846,61,356,233
POPPY,977291,72,422,137
PORCH,1453446,44,628,312
POSER,501130,100,216,94
POSIT,259963,121,112,85
POSSE,357188,118,154,115
POUCH,461960,86,199,178
POUND,649996,94,280,146
POUTY,573408,91,247,125
POWER,505473,89,218,122
PRANK,389057,93,168,116
PRAWN,402495,100,173,118
PREEN,403891,87,174,115
PRESS,413414,102,178,92
PRICE,485550,76,209,176
PRICK,264486,128,114,79
PRIDE,569427,92,246,121
PRIED,299268,117,129,90
PRIME,311824,127,134,90
PRIMO,308568,113,133,130
PRINT,424900,95,183,128
PRIOR,322162,113,139,73
PRISM,494505,84,213,139
PRIVY,427981,97,184,123
PRIZE,584880,78,252,164
PROBE,401035,85,173,168
PRONE,323753,100,139,105
PRONG,235041,126,101,69
PROOF,461254,90,199,111
PROSE,797685,68,344,173
PROUD,235561,124,101,76
PROVE,466496,100,201,99
PROWL,369862,97,159,113
PROXY,451447,83,195,132
PRUDE,662208,63,286,166
PRUNE,353083,113,152,98
PSALM,278718,119,120,86
PUBIC,457831,92,197,112
PUDGY,717457,73,310,210
PUFFY,977895,78,422,152
PULPY,1465081,44,633,222
PULSE,1016233,71,439,327
PUNCH,331261,121,143,98
PUPAL,729049,91,315,116
PUPIL,673045,76,290,184
PUPPY,770439,83,332,246
PUREE,1799333,45,777,1287
PURER,423626,97,183,95
PURGE,500104,92,216,128
PURSE,381939,105,165,160
PUSHY,294982,127,127,114
PUTTY,771526,85,333,186
PYGMY,941243,71,406,199
QUACK,1566142,47,676,1194
QUAIL,885292,52,382,415
QUAKE,454354,63,196,178
QUALM,495419,55,214,183
QUARK,665318,59,287,171
QUART,617118,58,266,307
QUASH,402972,68,174,122
QUASI,626562,64,270,174
QUEEN,501854,57,216,152
QUEER,720837,50,311,184
QUELL,628982,53,271,284
QUERY,818437,49,353,541
QUEST,508475,53,219,211
QUEUE,520406,70,224,120
QUICK,1160674,35,501,382
QUIET,1065362,50,460,273
QUILL,406520,78,175,110
QUILT,991784,52,428,204
QUIRK,556408,75,240,161
QUITE,729292,53,315,229
QUOTA,407160,78,175,130
QUOTE,513378,62,221,152
QUOTH,397553,64,171,141
RABBI,749323,63,323,237
RABID,553002,65,238,278
RACER,373020,114,161,134
RADAR,332023,99,143,111
RADII,736964,73,318,240
RADIO,472885,77,204,229
RAINY,273958,115,118,130
RAISE,262817,110,113,80
RAJAH,141126,132,60,43
RALLY,744350,50,321,220
RALPH,463090,87,200,152
RAMEN,330386,103,142,116
RANCH,234913,122,101,92
RANDY,337873,107,146,100
RANGE,355877,105,153,114
RAPID,231611,121,100,74
RARER,338087,108,146,128
RASPY,480946,63,207,146
RATIO,360321,107,155,107
RATTY,212820,121,91,80
RAVEN,438365,95,189,149
RAYON,284977,112,123,100
RAZOR,271636,109,117,106
REACH,591163,67,255,198
REACT,257626,127,111,65
READY,184796,140,79,48
REALM,264311,108,114,104
REARM,225631,120,97,64
REBAR,382038,95,165,136
REBEL,422095,99,182,133
REBUS,442960,100,191,196
REBUT,355272,97,153,180
RECAP,328720,115,142,117
RECUR,270604,110,116,91
RECUT,468637,86,202,127
REEDY,272451,111,117,97
REFER,517364,83,223,184
REFIT,807027,67,348,277
REGAL,294809,113,127,86
REHAB,246834,121,106,105
REIGN,313471,88,135,114
RELAX,310750,123,134,103
RELAY,314726,85,136,127
RELIC,224424,125,96,95
REMIT,240278,95,103,82
RENAL,256870,114,111,74
RENEW,187754,129,81,71
REPAY,506238,88,218,159
REPEL,280507,113,121,116
REPLY,401743,102,173,109
RERUN,328630,104,142,124
RESET,419896,88,181,147
RESIN,307655,113,132,80
RETCH,221392,123,95,77
RETRO,319520,112,138,87
RETRY,344284,93,148,107
REUSE,407887,88,176,177
REVEL,335258,109,144,104
REVUE,509716,92,220,196
RHINO,555612,81,240,160
RHYME,341255,99,147,85
RIDER,373210,78,161,172
RIDGE,440929,99,190,129
RIFLE,345437,117,149,149
RIGHT,274150,110,118,118
RIGID,425831,91,184,121
RIGOR,825216,71,356,429
RINSE,558205,82,241,217
RIPEN,196558,129,84,59
RIPER,281329,116,121,94
RISEN,436143,88,188,128
RISER,214488,125,92,81
RISKY,328437,91,141,118
RIVAL,472070,75,204,185
RIVER,349938,105,151,145
RIVET,545115,81,235,193
ROACH,307293,107,132,84
ROAST,306783,115,132,91
ROBIN,192904,134,83,61
ROBOT,383225,105,165,104
ROCKY,601390,94,259,121
RODEO,553190,76,239,156
ROGER,449629,91,194,107
ROGUE,456668,87,197,125
ROOMY,294205,115,127,108
ROOST,741833,74,320,177
ROTOR,427471,102,184,91
ROUGE,726684,79,314,261
ROUGH,286821,112,123,95
ROUND,490375,98,211,110
ROUSE,407879,111,176,89
ROUTE,208872,118,90,81
ROVER,201385,118,87,77
ROWDY,549442,82,237,146
ROWER,629074,89,271,155
ROYAL,521930,80,225,137
RUDDY,258827,111,111,101
RUDER,888946,67,384,451
RUGBY,515326,95,222,140
RULER,744886,85,321,174
RUMBA,376741,87,162,154
RUMOR,535305,89,231,193
RUPEE,684761,82,295,235
RURAL,437432,94,189,109
RUSTY,409789,85,177,153
SADLY,389833,94,168,131
SAFER,358514,105,154,115
SAINT,229320,105,99,79
SALAD,241156,129,104,53
SALLY,480357,89,207,143
SALON,514578,91,222,134
SALSA,235152,116,101,76
SALTY,729914,70,315,217
SALVE,287784,122,124,102
SALVO,271451,107,117,80
SANDY,364591,93,157,116
SANER,372199,101,160,110
SAPPY,162248,132,70,61
SASSY,704279,76,304,155
SATIN,922740,49,398,398
SATYR,253020,127,109,68
SAUCE,238561,98,103,91
SAUCY,220617,120,95,62
SAUNA,372053,96,160,104
SAUTE,473992,78,204,138
SAVOR,195084,129,84,61
SAVOY,305041,103,131,119
SAVVY,424077,86,183,124
SCALD,807184,52,348,201
SCALE,333681,94,144,108
SCALP,202376,131,87,62
SCALY,378776,104,163,105
SCAMP,340409,99,147,118
SCANT,526415,93,227,138
SCARE,290058,116,125,76
SCARF,186759,126,80,53
SCARY,368923,87,159,132
SCENE,301832,98,130,123
SCENT,398250,91,172,115
SCION,291198,107,125,78
SCOFF,355194,101,153,108
SCOLD,879535,55,380,243
SCONE,376935,93,162,125
SCOOP,248130,115,107,74
SCOPE,775819,75,335,190
SCORE,314088,107,135,109
SCORN,211668,120,91,64
SCOUR,309855,108,133,102
SCOUT,334975,104,144,113
SCOWL,398514,108,172,113
SCRAM,486248,84,210,158
SCRAP,344874,104,149,127
SCREE,341442,107,147,113
SCREW,335989,101,145,101
SCRUB,343365,90,148,115
SCRUM,502267,84,217,167
SCUBA,495579,96,214,161
SEDAN,503325,77,217,140
SEEDY,242083,114,104,63
SEGUE,529042,79,228,160
SEIZE,499734,90,215,139
SEMEN,518367,64,224,151
SENSE,445732,92,192,130
SEPIA,587134,71,253,184
SERIF,258743,105,111,97
SERUM,276100,103,119,90
SERVE,314160,110,135,113
SETUP,470916,98,203,128
SEVEN,366972,107,158,87
SEVER,546099,92,235,162
SEWER,491846,94,212,169
SHACK,461819,96,199,109
SHADE,611497,94,264,110
SHADY,260420,113,112,76
SHAFT,440227,95,190,125
SHAKE,467848,107,202,102
SHAKY,332967,107,143,87
SHALE,561128,85,242,141
SHALL,210515,133,90,71
SHALT,509533,83,220,115
SHAME,302625,128,130,67
SHANK,293383,112,126,75
SHAPE,493049,95,213,105
SHARD,295747,117,127,74
SHARE,315135,102,136,90
SHARK,197832,130,85,64
SHARP,413420,98,178,118
SHAVE,361922,106,156,80
SHAWL,342198,96,147,108
SHEAR,453341,97,195,108
SHEEN,214532,121,92,85
SHEEP,437870,100,189,126
SHEER,577955,89,249,136
SHEET,387454,106,167,128
SHEIK,442945,105,191,107
SHELF,446701,86,193,106
SHELL,425522,91,183,117
SHIED,489264,84,211,105
SHIFT,316286,104,136,75
SHINE,577746,104,249,103
SHINY,278024,125,120,71
SHIRE,467427,96,201,138
SHIRK,223139,125,96,61
SHIRT,465738,88,201,100
SHOAL,331119,122,143,65
SHOCK,286820,106,123,72
SHONE,705599,84,304,122
SHOOK,264604,117,114,68
SHOOT,942087,71,407,190
SHORE,656156,94,283,146
SHORN,226433,121,97,61
SHORT,332856,112,143,84
SHOUT,327367,125,141,73
SHOVE,453233,113,195,105
SHOWN,399838,89,172,127
SHOWY,617577,94,266,154
SHREW,682726,79,295,179
SHRUB,376481,107,162,123
SHRUG,539015,86,232,130
SHUCK,518939,90,224,126
SHUNT,888560,89,383,160
SHUSH,499357,112,215,114
SHYLY,1452359,52,627,241
SIEGE,796465,55,344,193
SIEVE,426351,89,184,115
SIGHT,512573,75,221,162
SIGMA,510464,94,220,106
SILKY,462472,87,199,100
SILLY,516946,87,223,151
SINCE,596452,83,257,184
SINEW,253008,122,109,66
SINGE,345404,106,149,88
SIREN,316022,121,136,79
SISSY,194906,129,84,57
SIXTH,1111601,45,480,304
SIXTY,707004,71,305,144
SKATE,618601,67,267,182
SKIER,261776,104,113,74
SKIFF,276547,100,119,88
SKILL,1173273,51,507,272
SKIMP,730153,73,315,175
SKIRT,785398,75,339,165
SKULK,362160,94,156,85
SKULL,946968,57,409,303
SKUNK,900462,63,389,184
SLACK,1044603,56,451,227
SLAIN,445825,105,192,114
SLANG,241797,124,104,84
SLANT,331431,99,143,98
SLASH,228866,131,98,68
SLATE,519937,84,224,142
SLAVE,165644,147,71,51
SLEEK,274304,107,118,68
SLEEP,498793,90,215,130
SLEET,440692,106,190,125
SLEPT,310795,116,134,73
SLICE,297339,126,128,71
SLICK,222496,125,96,54
SLIDE,495721,96,214,131
SLIME,243254,113,105,59
SLIMY,257652,113,111,64
SLING,438585,93,189,137
SLINK,409996,93,177,121
SLOOP,457093,99,197,134
SLOPE,624614,87,269,159
SLOSH,256312,121,110,65
SLOTH,591500,73,255,162
SLUMP,341851,111,147,75
SLUNG,622365,95,268,117
SLUNK,496669,86,214,127
SLURP,541529,92,234,130
SLUSH,384180,106,166,86
SLYLY,749519,76,323,174
SMACK,1090304,46,471,244
SMALL,605348,86,261,118
SMART,563008,79,243,139
SMASH,283804,122,122,59
SMEAR,741496,75,320,172
SMELL,233963,118,101,95
SMELT,528545,78,228,121
SMILE,295268,112,127,83
SMIRK,263640,114,113,77
SMITE,483642,88,209,143
SMITH,274834,118,118,86
SMOCK,527262,104,227,117
SMOKE,689644,72,298,137
SMOKY,401938,88,173,107
SMOTE,705659,71,304,161
SNACK,268320,111,115,77
SNAIL,486007,93,210,114
SNAKE,246235,124,106,82
SNAKY,282654,110,122,76
SNARE,478710,90,206,126
SNARL,164563,132,71,54
SNEAK,217587,110,94,72
SNEER,335862,102,145,86
SNIDE,328084,115,141,121
SNIFF,287547,117,124,86
SNIPE,862423,57,372,209
SNOOP,302835,119,130,76
SNORE,708698,78,306,163
SNORT,190989,130,82,61
SNOUT,257000,122,111,62
SNOWY,365345,114,157,114
SNUCK,570740,84,246,165
SNUFF,712295,85,307,136
SOAPY,1004113,51,433,291
SOBER,347044,102,149,104
SOGGY,266046,109,114,80
SOLAR,808924,56,349,228
SOLID,191596,118,82,61
SOLVE,318314,105,137,105
SONAR,308612,100,133,109
SONIC,203210,122,87,57
SOOTH,347594,99,150,108
SOOTY,662140,92,286,120
SORRY,584312,80,252,162
SOUND,495438,84,214,147
SOUTH,434987,95,187,111
SOWER,454039,119,196,117
SPACE,293761,107,126,91
SPADE,268031,125,115,61
SPANK,280395,107,121,77
SPARE,517617,98,223,111
SPARK,211886,134,91,61
SPASM,437278,104,188,108
SPAWN,790773,72,341,156
SPEAK,505337,87,218,113
SPEAR,416342,94,179,176
SPECK,233703,123,100,85
SPEED,589180,85,254,112
SPELL,560903,88,242,138
SPELT,534052,84,230,117
SPEND,300015,127,129,71
SPENT,398424,99,172,99
SPERM,326730,118,141,79
SPICE,382054,100,165,130
SPICY,315844,119,136,73
SPIED,529043,91,228,119
SPIEL,343428,107,148,80
SPIKE,272718,126,117,66
SPIKY,414903,103,179,105
SPILL,709437,82,306,152
SPILT,654112,83,282,162
SPINE,371539,119,160,78
SPINY,297791,123,128,76
SPIRE,509733,97,220,138
SPITE,239863,129,103,64
SPLAT,283605,127,122,86
SPLIT,324507,117,140,82
SPOIL,381319,112,164,78
SPOKE,345222,105,149,93
SPOOF,399915,96,172,99
SPOOK,937775,61,405,207
SPOOL,982570,65,424,180
SPOON,630206,83,272,159
SPORE,709934,79,306,163
SPORT,240155,123,103,69
SPOUT,323046,118,139,80
SPRAY,451689,110,195,101
SPREE,351937,107,152,107
SPRIG,389726,109,168,98
SPUNK,439408,92,189,103
SPURN,771755,87,333,134
SPURT,420545,93,181,93
SQUAD,415699,112,179,74
SQUAT,624916,58,270,171
SQUIB,524821,71,226,125
STACK,837408,48,361,218
STAFF,464081,95,200,107
STAGE,668509,59,288,241
STAID,237361,106,102,77
STAIN,297888,109,128,92
STAIR,264829,118,114,74
STAKE,201914,122,87,61
STALE,272290,106,117,89
STALK,174976,142,75,57
STALL,376587,105,162,96
STAMP,424814,88,183,116
STAND,460269,91,198,107
STANK,304831,103,131,97
STARE,401854,105,173,107
STARK,165011,133,71,51
START,338602,101,146,98
STASH,375029,93,162,92
STATE,605119,75,261,128
STAVE,307293,102,132,85
STEAD,285220,99,123,86
STEAK,255332,107,110,80
STEAL,324878,97,140,101
STEAM,214812,125,92,74
STEED,286230,107,123,90
STEEL,431136,92,186,121
STEEP,338959,103,146,96
STEER,480038,93,207,132
STEIN,325483,108,140,105
STERN,268643,118,116,77
STICK,226670,117,97,72
STIFF,545344,87,235,115
STILL,829638,62,358,190
STILT,498387,85,215,138
STING,488913,88,211,138
STINK,455218,93,196,123
STINT,504278,97,217,120
STOCK,565274,90,244,141
STOIC,524338,82,226,131
STOKE,333033,93,143,107
STOLE,306495,93,132,120
STOMP,195468,119,84,61
STONE,537593,85,232,127
STONY,217918,117,94,67
STOOD,370665,101,160,119
STOOL,618546,78,267,146
STOOP,480531,88,207,141
STORE,683004,80,295,178
STORK,187778,125,81,58
STORM,383154,91,165,107
STORY,348078,102,150,86
STOUT,308662,103,133,88
STOVE,600469,87,259,151
STRAP,328965,91,142,118
STRAW,300336,110,129,83
STRAY,335079,94,144,101
STRIP,265851,107,114,96
STRUT,352072,110,152,84
STUCK,546932,95,236,129
STUDY,682148,87,294,141
STUFF,551671,85,238,150
STUMP,1011595,55,437,316
STUNG,693986,90,299,113
STUNK,548749,88,237,148
STUNT,596970,91,257,124
STYLE,661322,88,285,152
SUAVE,253199,99,109,102
SUGAR,305272,92,131,91
SUING,311646,107,134,76
SUITE,522759,90,225,112
SULKY,242161,130,104,64
SULLY,642338,82,277,158
SUMAC,736313,79,318,196
SUNNY,468091,95,202,91
SUPER,793879,72,343,188
SURER,305026,120,131,85
SURGE,373612,98,161,98
SURLY,293205,118,126,69
SUSHI,359835,99,155,112
SWAMI,829537,66,358,169
SWAMP,489225,76,211,125
SWARM,645162,80,278,126
SWASH,428867,91,185,119
SWATH,825643,73,356,425
SWEAR,498972,107,215,104
SWEAT,262807,111,113,93
SWEEP,302586,111,130,72
SWEET,688992,84,297,161
SWELL,506276,98,218,126
SWEPT,600421,78,259,137
SWIFT,474967,101,205,97
SWILL,644040,91,278,158
SWINE,724338,80,313,187
SWING,335560,114,145,87
SWIRL,662418,82,286,154
SWISH,356764,98,154,99
SWOON,986177,69,426,262
SWOOP,834165,82,360,195
SWORD,998462,70,431,199
SWORE,477443,97,206,114
SWORN,279895,111,120,112
SWUNG,411954,106,178,129
SYNOD,780909,69,337,174
SYRUP,463561,90,200,141
TABBY,507648,94,219,145
TABLE,713033,68,308,249
TABOO,228364,129,98,79
TACIT,543740,84,234,180
TACKY,465402,93,201,145
TAFFY,499627,81,215,157
TAINT,754229,61,325,245
TAKEN,416497,107,179,105
TAKER,263060,97,113,93
TALLY,230985,100,99,85
TALON,497007,91,214,159
TAMER,231595,118,100,90
TANGO,215582,127,93,71
TANGY,343098,108,148,88
TAPER,410381,99,177,134
TAPIR,206878,127,89,76
TARDY,249898,124,107,76
TAROT,308802,111,133,113
TASTE,332831,104,143,119
TASTY,302972,105,130,83
TATTY,519345,90,224,155
TAUNT,866171,59,374,393
TAWNY,470251,95,203,140
TEACH,443061,90,191,134
TEARY,283385,128,122,76
TEASE,193848,127,83,68
TEDDY,259281,107,112,71
TEETH,611320,69,264,232
TEMPO,771692,78,333,177
TENET,381941,96,165,124
TENOR,570127,81,246,131
TENSE,200577,120,86,62
TENTH,330545,99,142,74
TEPEE,516027,85,223,130
TEPID,723145,67,312,228
TERRA,356668,109,154,104
TERSE,296860,101,128,89
TESTY,293703,122,126,99
THANK,488003,85,210,160
THEFT,472338,100,204,106
THEIR,762153,74,329,542
THEME,246989,121,106,80
THERE,535288,82,231,211
THESE,377534,107,163,121
THETA,449225,105,194,134
THICK,466046,89,201,202
THIEF,686764,88,296,192
THIGH,389461,103,168,132
THING,879011,65,379,206
THINK,550828,97,238,118
THIRD,597598,94,258,159
THONG,389932,106,168,81
THORN,525890,94,227,108
THOSE,334349,115,144,76
THREE,267492,124,115,78
THREW,366524,110,158,88
THROB,380836,106,164,124
THROW,445540,99,192,102
THRUM,504387,97,217,180
THUMB,522966,99,226,121
THUMP,836146,74,361,140
THYME,784855,82,339,149
TIARA,406084,81,175,172
TIBIA,327984,93,141,112
TIDAL,619080,71,267,173
TIGER,298904,112,129,105
TIGHT,260843,115,112,75
TILDE,856499,69,370,178
TIMER,249561,116,107,82
TIMID,255734,121,110,77
TIPSY,857625,73,370,147
TITAN,474950,99,205,129
TITHE,453740,96,196,118
TITLE,453348,88,195,174
TOAST,334573,98,144,123
TODAY,377745,93,163,131
TODDY,348405,97,150,103
TOKEN,768348,66,332,213
TONAL,316359,92,136,95
TONGA,232832,123,100,89
TONIC,367764,105,158,100
TOOTH,359786,101,155,118
TOPAZ,1077793,71,465,227
TOPIC,506639,66,218,165
TORCH,405426,96,175,144
TORSO,390793,120,168,86
TORUS,437605,99,189,95
TOTAL,309087,114,133,89
TOTEM,386830,100,167,126
TOUCH,459391,90,198,135
TOUGH,515970,108,222,124
TOWEL,551206,96,238,127
TOWER,291356,100,125,104
TOXIC,297848,107,128,85
TOXIN,564914,69,244,179
TRACE,537576,84,232,161
TRACK,171346,150,74,49
TRACT,357117,115,154,83
TRADE,391314,103,169,92
TRAIL,187285,136,80,59
TRAIN,183862,129,79,60
TRAIT,205406,137,88,66
TRAMP,326216,113,140,114
TRASH,349554,102,151,88
TRAWL,268644,120,116,67
TREAD,284938,99,123,99
TREAT,220385,134,95,60
TREND,293106,112,126,78
TRIAD,261716,119,113,80
TRIAL,252764,128,109,82
TRIBE,191859,125,82,68
TRICE,244259,121,105,84
TRICK,199169,135,86,58
TRIED,420950,100,181,92
TRIPE,235908,138,101,63
TRITE,226184,124,97,64
TROLL,299630,108,129,96
TROOP,359969,79,155,121
TROPE,537478,91,232,133
TROUT,225016,122,97,62
TROVE,466323,96,201,117
TRUCE,281053,100,121,96
TRUCK,236287,134,102,75
TRUER,503536,98,217,120
TRULY,365886,95,158,97
TRUMP,312450,99,135,116
TRUNK,496899,98,214,130
TRUSS,435660,94,188,114
TRUST,525842,77,227,159
TRUTH,503962,96,217,154
TRYST,632215,89,273,164
TUBAL,490851,76,212,160
TUBER,400101,107,172,114
TULIP,318908,117,137,95
TULLE,421299,100,182,90
TUMOR,391554,92,169,132
TUNIC,382810,108,165,82
TURBO,444031,94,191,139
TUTOR,426080,101,184,120
TWANG,487929,90,210,168
TWEAK,504215,84,217,139
TWEED,431195,90,186,183
TWEET,639439,93,276,261
TWICE,844980,73,365,381
TWINE,336088,101,145,106
TWIRL,332622,108,143,110
TWIST,354443,98,153,109
TWIXT,764790,79,330,190
TYING,1289782,55,557,241
UDDER,529559,88,228,144
ULCER,557090,73,240,181
ULTRA,264827,103,114,94
UMBRA,254394,99,109,103
UNCLE,535484,78,231,179
UNCUT,306382,98,132,102
UNDER,780810,63,337,248
UNDID,333616,103,144,130
UNDUE,929657,69,401,250
UNFED,617289,68,266,235
UNFIT,524862,85,226,174
UNIFY,576046,92,248,186
UNION,690580,73,298,178
UNITE,637343,69,275,204
UNITY,263775,109,113,98
UNLIT,448415,86,193,144
UNMET,360763,103,155,138
UNSET,353389,100,152,121
UNTIE,284558,114,122,104
UNTIL,268647,112,116,97
UNWED,368467,106,159,138
UNZIP,542938,82,234,170
UPPER,884087,56,382,247
UPSET,555664,69,240,184
URBAN,360360,107,155,112
URINE,366708,97,158,134
USAGE,221950,113,95,62
USHER,294980,86,127,98
USING,315193,81,136,114
USUAL,578385,75,249,161
USURP,554330,64,239,165
UTILE,775115,64,334,273
UTTER,231075,111,99,89
VAGUE,406402,88,175,149
VALET,417770,96,180,152
VALID,263977,111,114,93
VALOR,483153,102,208,158
VALUE,318090,113,137,130
VALVE,308836,97,133,134
VAPID,504327,70,217,186
VAPOR,594417,83,256,261
VAULT,408320,93,176,145
VAUNT,391136,95,169,125
VEGAN,414172,89,178,135
VENOM,456906,98,197,145
VENUE,509006,79,219,146
VERGE,620869,77,268,186
VERSE,662770,90,286,160
VERSO,477992,95,206,128
VERVE,319710,99,138,133
VICAR,880876,60,380,212
VIDEO,385489,102,166,126
VIGIL,449454,94,194,189
VIGOR,1123750,70,485,314
VILLA,531186,97,229,206
VINYL,723309,76,312,229
VIOLA,618111,72,267,184
VIPER,385836,95,166,141
VIRAL,415704,96,179,140
VIRUS,330438,110,142,145
VISIT,467086,75,201,150
VISOR,832355,63,359,206
VISTA,377188,94,163,166
VITAL,425310,87,183,118
VIVID,381376,103,164,145
VIXEN,1886282,45,815,1328
VOCAL,678014,72,293,173
VODKA,454479,98,196,141
VOGUE,726870,67,314,197
VOICE,515015,90,222,181
VOILA,346000,96,149,130
VOMIT,379590,93,164,149
VOTER,549674,86,237,179
VOUCH,310301,107,134,95
VOWEL,792097,77,342,170
VYING,501721,90,216,171
WACKY,885319,72,382,163
WAFER,784647,66,339,175
WAGER,360586,93,155,127
WAGON,327327,99,141,120
WAIST,531967,96,229,164
WAIVE,326967,105,141,97
WALTZ,369825,86,159,137
WARTY,606779,64,262,214
WASTE,367469,106,158,133
WATCH,258335,112,111,81
WATER,557417,93,240,147
WAVER,241842,117,104,77
WAXEN,399663,90,172,139
WEARY,495234,70,214,193
WEAVE,295230,105,127,114
WEDGE,619200,75,267,169
WEEDY,880554,75,380,235
WEIGH,833680,69,360,444
WEIRD,543024,85,234,150
WELCH,383868,108,165,148
WELSH,505009,89,218,142
WENCH,422368,94,182,134
WHACK,552732,91,238,131
WHALE,870882,80,376,411
WHARF,312085,104,134,83
WHEAT,586569,84,253,310
WHEEL,375524,110,162,80
WHELP,615372,83,265,231
WHERE,555143,82,239,139
WHICH,575581,86,248,170
WHIFF,1205781,59,521,265
WHILE,1461437,52,631,284
WHINE,361125,102,156,107
WHINY,417008,103,180,95
WHIRL,717568,86,310,150
WHISK,446799,86,193,146
WHITE,843499,80,364,214
WHOLE,380900,114,164,144
WHOOP,357818,101,154,145
WHOSE,1224847,64,529,212
WIDEN,399674,109,172,146
WIDER,489879,106,211,138
WIDOW,397178,106,171,151
WIDTH,995207,47,430,348
WIELD,698915,87,302,206
WIGHT,447072,103,193,120
WILLY,725966,81,313,204
WIMPY,930862,74,402,255
WINCE,942343,63,407,193
WINCH,393291,95,169,104
WINDY,758971,89,327,179
WISER,813844,82,351,179
WISPY,296040,106,127,104
WITCH,735803,71,317,245
WITTY,678229,86,293,215
WOKEN,891023,71,385,252
WOMAN,518846,82,224,167
WOMEN,527591,83,227,161
WOODY,464378,94,200,158
WOOER,1193249,67,515,208
WOOLY,524130,80,226,173
WOOZY,883265,71,381,196
WORDY,1576495,46,681,1197
WORLD,614190,92,265,155
WORRY,455862,107,197,102
WORSE,780994,79,337,197
WORST,279061,120,120,103
WORTH,375096,115,162,92
WOULD,488199,106,210,103
WOUND,597287,91,258,149
WOVEN,684679,86,295,151
WRACK,560400,89,242,169
WRATH,555783,91,240,128
WREAK,382162,110,165,106
WRECK,388465,94,167,162
WREST,553978,81,239,176
WRING,303977,117,131,76
WRIST,575738,88,248,136
WRITE,354718,112,153,101
WRONG,259909,120,112,82
WROTE,567358,92,245,141
WRUNG,268758,115,116,85
WRYLY,650862,76,281,169
YACHT,774661,53,334,332
YEARN,444881,81,192,117
YEAST,212904,108,92,68
YIELD,220094,104,95,73
YOUNG,370942,90,160,121
YOUTH,647113,70,279,132
ZEBRA,511936,83,221,167
ZESTY,453260,78,195,183
ZONAL,496532,65,214,166
